global_step,episode,profile_seed,return,information_gain,samples,path_length,mean_loss,target_clip_fraction
96,0,101000000,5.133382905500463,5.570611764013933,10,86,2.0278373074531557,0.06350490409880877
192,1,101000001,5.114143265557476,5.5706117640139325,10,86,1.9689924275875093,0.0633609090745449
288,2,101000002,5.1181432655574755,5.570611764013934,10,86,1.9370796763896942,0.06337316412478686
384,3,101000003,4.807731890696749,5.244960749210219,10,86,1.903664880990982,0.062159928753972055
480,4,101000004,4.78773189069675,5.244960749210221,10,86,1.8786658692359923,0.06179534535855055
576,5,101000005,5.439641675849418,5.896110174305874,10,86,1.8614104342460633,0.0608088256418705
672,6,101000006,5.114143265557476,5.5706117640139325,10,86,1.8351067113876343,0.06033088434487581
768,7,101000007,5.120143265557475,5.570611764013933,10,86,1.8258698630332946,0.060352330431342124
864,8,101000008,5.452881315792403,5.896110174305875,10,86,1.821326243877411,0.05968750212341547
960,9,101000009,4.794492250753764,5.244960749210221,10,86,1.8155018973350525,0.05958639930933714
1056,10,101000010,5.458881315792403,5.896110174305874,10,86,1.818979778289795,0.06007353186607361
1152,11,101000011,4.80773189069675,5.244960749210221,10,86,1.80034601688385,0.060652575902640816
1248,12,101000012,4.792492250753765,5.244960749210221,10,86,1.8045313775539398,0.06025122791528702
1344,13,101000013,5.458881315792404,5.896110174305875,10,86,1.7881754422187806,0.06002757582813501
1440,14,101000014,5.452881315792403,5.896110174305875,10,86,1.771467101573944,0.060361521877348424
1536,15,101000015,5.114143265557476,5.5706117640139325,10,86,1.759726370573044,0.058321080580353735
1632,16,101000016,4.390380929447971,4.827609787961442,10,86,1.7384499621391296,0.05844669315963984
1728,17,101000017,5.452881315792403,5.896110174305875,10,86,1.7398721063137055,0.058504903949797155
1824,18,101000018,5.4528813157924025,5.896110174305875,10,86,1.7376089906692505,0.057864585258066654
1920,19,101000019,5.452881315792403,5.896110174305875,10,86,1.7136984169483185,0.0581219382956624
2016,20,101000020,4.463922795815833,4.919151654329304,10,86,1.7119123530387879,0.05824755113571882
2112,21,101000021,5.114143265557456,5.570611764013932,10,86,1.6806295585632325,0.05750919334590435
2208,22,101000022,5.118143265557474,5.570611764013933,10,86,1.6668946945667267,0.05756434049457312
2304,23,101000023,4.805731890696748,5.24496074921022,10,86,1.655645775794983,0.057429536506533624
2400,24,101000024,5.443641675849419,5.896110174305875,10,86,1.6501206612586976,0.05731617864221335
2496,25,101000025,5.452881315792403,5.896110174305875,10,86,1.6697149205207824,0.05757659528404474
2592,26,101000026,5.458881315792403,5.896110174305874,10,86,1.6607783603668214,0.057898286432027816
2688,27,101000027,5.441641675849418,5.896110174305874,10,86,1.6532415914535523,0.05755821283906698
2784,28,101000028,5.1201432655574735,5.5706117640139325,10,86,1.635521332025528,0.05666666850447655
2880,29,101000029,5.439641675849416,5.896110174305875,10,86,1.6094889664649963,0.056930148825049404
2976,30,101000030,5.452881315792403,5.896110174305875,10,86,1.6031385099887847,0.05646446257829666
3072,31,101000031,5.131382905500463,5.570611764013933,10,86,1.6027728831768036,0.05650122720748186
3168,32,101000032,4.791731890696751,5.244960749210221,10,86,1.5841707348823548,0.05665441356599331
3264,33,101000033,5.120143265557476,5.570611764013934,10,86,1.574399061203003,0.05636335965245962
3360,34,101000034,5.114143265557457,5.5706117640139325,10,86,1.5686113727092743,0.05630208522081375
3456,35,101000035,5.120143265557477,5.5706117640139325,10,86,1.5696933031082154,0.05602328632026911
3552,36,101000036,5.452881315792403,5.896110174305875,10,86,1.5892481184005738,0.05599264893680811
3648,37,101000037,5.116143265557477,5.570611764013933,10,86,1.6107753264904021,0.055404413752257825
3744,38,101000038,5.456881315792404,5.896110174305875,10,86,1.6096665787696838,0.05478247739374638
3840,39,101000039,4.79373189069675,5.244960749210221,10,86,1.6118857264518738,0.055183825343847276
3936,40,101000040,5.439641675849417,5.896110174305875,10,86,1.6078897190093995,0.05500612948089838
4032,41,101000041,5.456881315792404,5.896110174305875,10,86,1.5968757331371308,0.05514093354344368
4128,42,101000042,5.439641675849398,5.896110174305875,10,86,1.602801730632782,0.05569240417331457
4224,43,101000043,4.787731890696751,5.244960749210221,10,86,1.5900022435188292,0.05537684053182602
4320,44,101000044,5.4456416758494175,5.896110174305876,10,86,1.576045732498169,0.055000002160668374
4416,45,101000045,5.4456416758494175,5.896110174305876,10,86,1.575746887922287,0.05520527180284262
4512,46,101000046,5.452881315792403,5.896110174305875,10,86,1.5539604246616363,0.055459560826420784
4608,47,101000047,5.439641675849416,5.896110174305875,10,86,1.55431693315506,0.05545956071466208
4704,48,101000048,5.112143265557476,5.5706117640139325,10,86,1.553680750131607,0.05527267351746559
4800,49,101000049,5.114143265557477,5.5706117640139325,10,86,1.5524270594120027,0.05476409498602152
4896,50,101000050,4.792492250753764,5.24496074921022,10,86,1.5533791255950928,0.0546017175540328
4992,51,101000051,5.4428813157924045,5.896110174305875,10,86,1.5566545498371125,0.05467831071466207
5088,52,101000052,5.118143265557476,5.5706117640139325,10,86,1.5591701006889342,0.0549663008749485
5184,53,101000053,5.452881315792403,5.896110174305875,10,86,1.5628511142730712,0.05437806561589241
5280,54,101000054,5.439641675849418,5.896110174305874,10,86,1.5768620717525481,0.05477328613400459
5376,55,101000055,5.456881315792404,5.896110174305875,10,86,1.5833342599868774,0.05449142333120108
5472,56,101000056,5.4428813157924045,5.896110174305875,10,86,1.5910202836990357,0.053998163491487505
5568,57,101000057,5.118143265557476,5.5706117640139325,10,86,1.593515989780426,0.05510416835546494
5664,58,101000058,4.044385757787845,4.501614616301316,10,86,1.5886133527755737,0.055113359540700915
5760,59,101000059,2.999551651522275,3.4777805100357435,7,89,1.5736409676074983,0.055122550688683984
5856,60,101000060,4.787731890696752,5.24496074921022,10,86,1.5722837436199188,0.05599571242928505
5952,61,101000061,5.458881315792403,5.896110174305875,10,86,1.5615570747852325,0.05529105562716723
6048,62,101000062,5.4456416758494175,5.896110174305876,10,86,1.5510860884189606,0.05417585965245962
6144,63,101000063,5.458881315792404,5.896110174305875,10,86,1.548466888666153,0.053826595060527324
6240,64,101000064,5.4456416758494175,5.896110174305876,10,86,1.5439724910259247,0.05354473236948252
6336,65,101000065,5.458881315792404,5.896110174305875,10,86,1.5412980508804321,0.053290443122386934
6432,66,101000066,5.4456416758494175,5.896110174305876,10,86,1.5391430187225341,0.05378676664084196
6528,67,101000067,5.114143265557474,5.5706117640139325,10,86,1.5404935705661773,0.05452206082642078
6624,68,101000068,5.458881315792403,5.896110174305874,10,86,1.5390467429161072,0.054666055850684646
6720,69,101000069,5.443641675849419,5.896110174305875,10,86,1.5424251890182494,0.055698531493544576
6816,70,101000070,5.4528813157924025,5.896110174305875,10,86,1.542684267759323,0.055481007024645805
6912,71,101000071,5.4428813157924045,5.896110174305875,10,86,1.5338945281505585,0.05534007556736469
7008,72,101000072,5.131382905500461,5.5706117640139325,10,86,1.5376470792293548,0.055140933394432066
7104,73,101000073,5.458881315792403,5.896110174305874,10,86,1.5415340507030486,0.05475490391254425
7200,74,101000074,5.4528813157924025,5.896110174305875,10,86,1.5445697140693664,0.054662992060184476
7296,75,101000075,5.4528813157924025,5.896110174305875,10,86,1.5399939072132112,0.054126840122044086
7392,76,101000076,5.458881315792403,5.896110174305875,10,86,1.527514671087265,0.054013482369482516
7488,77,101000077,5.439641675849418,5.896110174305874,10,86,1.4951533424854277,0.05400122758001089
7584,78,101000078,5.458881315792403,5.896110174305874,10,86,1.4636044824123382,0.05333639908581972
7680,79,101000079,5.458881315792403,5.896110174305874,10,86,1.4511850905418395,0.05395833540707826
7776,80,101000080,5.439641675849417,5.896110174305875,10,86,1.4283380782604218,0.0544546589627862
7872,81,101000081,5.118143265557476,5.5706117640139325,10,86,1.425422489643097,0.05375919330865145
7968,82,101000082,4.789731890696751,5.24496074921022,10,86,1.424382930994034,0.05491728164255619
8064,83,101000083,5.127382905500445,5.570611764013933,10,86,1.4119809031486512,0.05488970797508955
8160,84,101000084,5.439641675849417,5.896110174305875,10,86,1.4150099813938142,0.05476409524679184
8256,85,101000085,5.456881315792404,5.896110174305875,10,86,1.4176355707645416,0.055070467591285706
8352,86,101000086,5.4456416758494175,5.896110174305876,10,86,1.4162677597999573,0.05530331078916788
8448,87,101000087,5.4528813157924025,5.896110174305875,10,86,1.4170841538906098,0.05575674224644899
8544,88,101000088,5.443641675849419,5.896110174305875,10,86,1.4161432540416719,0.05572304133325815
8640,89,101000089,5.4428813157924045,5.896110174305875,10,86,1.4112762987613678,0.05633885029703379
8736,90,101000090,5.443641675849419,5.896110174305875,10,86,1.4115043997764587,0.05624693851917982
8832,91,101000091,5.443641675849419,5.896110174305875,10,86,1.40257150888443,0.056148899160325526
8928,92,101000092,5.119382905500462,5.5706117640139325,10,86,1.4004437959194183,0.05672487944364548
9024,93,101000093,3.633095905782653,4.074324764296124,10,86,1.398935431241989,0.05568627655506134
9120,94,101000094,5.4456416758494175,5.896110174305876,10,86,1.3986271739006042,0.05556372750550508
9216,95,101000095,5.439641675849418,5.896110174305874,10,86,1.4002384066581726,0.05565257556736469
9312,96,101000096,5.458881315792403,5.896110174305874,10,86,1.3952390575408935,0.053563114702701566
9408,97,101000097,5.439641675849417,5.896110174305875,10,86,1.398464596271515,0.05396752636879683
9504,98,101000098,5.439641675849417,5.896110174305875,10,86,1.389924647808075,0.05393688920885324
9600,99,101000099,5.456881315792404,5.896110174305873,10,86,1.3875750994682312,0.05370098229497671
9696,100,101000100,4.84621902509255,5.307687523549009,9,87,1.3875325214862824,0.054623163640499114
9792,101,101000101,5.439641675849417,5.896110174305875,10,86,1.3824475693702698,0.055713849999010565
9888,102,101000102,5.118143265557476,5.5706117640139325,10,86,1.3809736156463623,0.05540134981274605
9984,103,101000103,5.439641675849418,5.896110174305874,10,86,1.3780467319488525,0.05555759973824024
10080,104,101000104,5.443641675849419,5.896110174305875,10,86,1.3716490912437438,0.05566789403557777
10176,105,101000105,5.4428813157924045,5.896110174305875,10,86,1.3666484665870666,0.055159315429627896
10272,106,101000106,5.458881315792403,5.896110174305874,10,86,1.3654376089572906,0.05561581078916788
10368,107,101000107,5.439641675849417,5.896110174305875,10,86,1.3566854619979858,0.055024511851370334
10464,108,101000108,5.4428813157924045,5.896110174305875,10,86,1.3559366703033446,0.05473652154207229
10560,109,101000109,5.114143265557457,5.570611764013932,10,86,1.344306516647339,0.05468750201165676
10656,110,101000110,5.4456416758494175,5.896110174305876,10,86,1.3430342769622803,0.05484375201165676
10752,111,101000111,5.118143265557476,5.5706117640139325,10,86,1.3381748342514037,0.055505516566336156
10848,112,101000112,4.463922795815834,4.919151654329304,10,86,1.3395976531505585,0.055398286283016206
10944,113,101000113,5.456881315792404,5.896110174305875,10,86,1.3385890865325927,0.05561887454241514
11040,114,101000114,5.4428813157924045,5.896110174305875,10,86,1.3272650468349456,0.055520835258066656
11136,115,101000115,5.118143265557476,5.570611764013932,10,86,1.3175261509418488,0.05497855588793755
11232,116,101000116,5.4428813157924045,5.896110174305875,10,86,1.3060416722297667,0.05499693818390369
11328,117,101000117,5.452881315792403,5.896110174305875,10,86,1.296267637014389,0.054353555813431736
11424,118,101000118,5.4456416758494175,5.896110174305876,10,86,1.2886253798007965,0.05438419297337532
11520,119,101000119,5.456881315792404,5.896110174305875,10,86,1.2821910238265992,0.05466911945492029
11616,120,101000120,5.4428813157924045,5.896110174305875,10,86,1.2783273482322692,0.05468443814665079
11712,121,101000121,5.439641675849418,5.896110174305874,10,86,1.27440798163414,0.05472426671534777
11808,122,101000122,5.4428813157924045,5.896110174305875,10,86,1.2738946628570558,0.05399203632026911
11904,123,101000123,5.4428813157924045,5.896110174305875,10,86,1.2751167118549347,0.054359683506190776
12000,124,101000124,4.79173189069675,5.24496074921022,10,86,1.2759149646759034,0.05395220790058374
